{
    "BuoysList": [
        {
            "battery": 13.290362903225798,
            "blueGreenAlgae": 11281.33064516129,
            "cholorophyllA": 1.6377419354838718,
            "conductivity": 64.262903225806468,
            "domgl": 4.3521774193548355,
            "dosat": 91.35967741935481,
            "efficiency": 20,
            "id": 0,
            "pH": 7.7189112903225983,
            "salinity": 43.458588709677443,
            "siteName": "RI",
            "temparature": 89.100000000000009
        },
        {
            "battery": 13.162460317460322,
            "blueGreenAlgae": 331.06349206349205,
            "cholorophyllA": 0.84253968253968248,
            "conductivity": 67.461904761904691,
            "domgl": 5.952698412698413,
            "dosat": 126.84007936507938,
            "efficiency": 10,
            "id": 1,
            "pH": 8.4181349206349481,
            "salinity": 45.873531746031716,
            "siteName": "ZU",
            "temparature": 89.100000000000009
        }
    ],
    "Message": "Found 2 record(s).",
    "Status": "Success"
}